{"cameraMode":{"drawMode":0,"name":"Shaded","section":"Shading Mode"},"sceneLighting":true,"audioPlay":false,"sceneViewState":{"m_AlwaysRefresh":false,"showFog":true,"showSkybox":false,"showFlares":true,"showImageEffects":true,"showParticleSystems":true,"showVisualEffectGraphs":true,"m_FxEnabled":true},"in2DMode":false,"pivot":{"x":23.911914825439454,"y":263.8118591308594,"z":-14.569506645202637},"rotation":{"x":0.0019443030469119549,"y":0.9978161454200745,"z":-0.034438326954841617,"w":0.05633490905165672},"size":1245.71240234375,"orthographic":false}