{"cameraMode":{"drawMode":0,"name":"Shaded","section":"Shading Mode"},"sceneLighting":false,"audioPlay":false,"sceneViewState":{"m_AlwaysRefresh":false,"showFog":true,"showSkybox":false,"showFlares":true,"showImageEffects":true,"showParticleSystems":true,"showVisualEffectGraphs":true,"m_FxEnabled":true},"in2DMode":false,"pivot":{"x":17.284879684448243,"y":14.944368362426758,"z":-7.351784706115723},"rotation":{"x":-0.004566716495901346,"y":0.9783537983894348,"z":-0.20576845109462739,"w":-0.021728165447711946},"size":217.3124237060547,"orthographic":false}